title,Price,Images
Snapback de 5 paneles (visera plana moderna),66.08,https://www.apliiq.com/customize/mens/hats/5-Panel-Cotton-Twill-Snapback-Cap
Gorra estilo unstructured (corona baja y relajada),65.15,https://www.apliiq.com/customize/mens/hats/Black-Mesh-5-Panel-Retro-Trucker-Cap
Gorra angosta/Jockey (Visera curva atletica),73.18,https://www.apliiq.com/customize/mens/hats/Cotton-Blend-Cap
Gorro urbano (Estilo beanie atletico),69.78,https://www.apliiq.com/customize/mens/beanies/Sustainable-Chunky-Rib-Knit-Beanie
Gorro de punto urbano (Estilo beanie),69.78,https://www.apliiq.com/customize/mens/beanies/Sustainable-Fine-Rib-Knit-Beanie
Gorro depunto trenzado (Estilo beanie),67.62,https://www.apliiq.com/customize/mens/beanies/Sustainable-Cable-Knit-Beanie
Snapback clasica (Visera plana y rigida),66.85,https://www.apliiq.com/customize/mens/hats/6-Panel-Snapback-With-Grey-Undervisor
Snapback (visera inferior negra),66.85,https://www.apliiq.com/customize/mens/hats/Two-Tone-Snapback-Black-Undervisor
Gorra Otto (6 paneles estilo profesional con cierre ajustable),65.46,https://www.apliiq.com/customize/mens/hats/6-Panel-Pro-Style-Snapback-Hat
Dad hat (Visera curba tela blanda),69.32,https://www.apliiq.com/customize/mens/hats/Otto-Snow-Washed-Dad-Hat
Gorra Imperial (Gorra Imperial),80.45,https://www.apliiq.com/customize/mens/hats/Buckle-Dad-Hat
Dad hat (Visera curba tela blanda),59.59,https://www.apliiq.com/customize/youth/hats/Youth-Dad-Hat
Trucker hat (Gorra de malla),65.15,https://www.apliiq.com/customize/mens/hats/White-Mesh-Five-Panel-Retro-Trucker-Cap
Trucker hat (Gorra de malla),65.15,https://www.apliiq.com/customize/mens/hats/Black-Mesh-5-Panel-Retro-Trucker-Cap
Gorra 5 paneles/camper (Perfil bajo y tecnico),64.38,https://www.apliiq.com/customize/mens/hats/Icon-Nylon-Cap
Gorra de pana (Corduroy premiunm),68.09,https://www.apliiq.com/customize/mens/hats/Two-Tone-Snapback
Gorra de mezclilla visera  (Denim estilo urbano),59.12,https://www.apliiq.com/customize/mens/hats/Classic-Visor
Snapback clasica (Visera plana y rigida),68.09,https://www.apliiq.com/customize/mens/hats/premium-snapbac
